"gene","coef"
"CBFA2T3",-0.256150853579065
"CD19",0.469085375723227
"MS4A1",-0.381372769953879
"P2RX1",-0.46381438142764
